Year,Food,Price
01/01/1990,Meat,73.4
01/02/1990,Meat,76
01/03/1990,Meat,77.8
01/04/1990,Meat,80.4
01/05/1990,Meat,81
01/06/1990,Meat,83.1
01/07/1990,Meat,83.4
01/08/1990,Meat,83.7
01/09/1990,Meat,84.5
01/10/1990,Meat,85.4
01/11/1990,Meat,86.2
01/12/1990,Meat,83.7
01/01/1991,Meat,79.8
01/02/1991,Meat,81.7
01/03/1991,Meat,80.7
01/04/1991,Meat,79.5
01/05/1991,Meat,81.2
01/06/1991,Meat,80.4
01/07/1991,Meat,82.6
01/08/1991,Meat,79.4
01/09/1991,Meat,79.8
01/10/1991,Meat,82.3
01/11/1991,Meat,81.9
01/12/1991,Meat,78.3
01/01/1992,Meat,79.3
01/02/1992,Meat,80.9
01/03/1992,Meat,81.4
01/04/1992,Meat,77.4
01/05/1992,Meat,78.2
01/06/1992,Meat,78
01/07/1992,Meat,78.6
01/08/1992,Meat,77.5
01/09/1992,Meat,77.1
01/10/1992,Meat,73.5
01/11/1992,Meat,75.5
01/12/1992,Meat,72.8
01/01/1993,Meat,72.6
01/02/1993,Meat,72.1
01/03/1993,Meat,75.7
01/04/1993,Meat,74.8
01/05/1993,Meat,74.9
01/06/1993,Meat,77.6
01/07/1993,Meat,77
01/08/1993,Meat,73.8
01/09/1993,Meat,74.3
01/10/1993,Meat,73.5
01/11/1993,Meat,72.4
01/12/1993,Meat,70.1
01/01/1994,Meat,69.5
01/02/1994,Meat,70.9
01/03/1994,Meat,72.5
01/04/1994,Meat,72.9
01/05/1994,Meat,76.1
01/06/1994,Meat,74.4
01/07/1994,Meat,75
01/08/1994,Meat,76.6
01/09/1994,Meat,77.9
01/10/1994,Meat,78.1
01/11/1994,Meat,81.9
01/12/1994,Meat,78.2
01/01/1995,Meat,78.6
01/02/1995,Meat,83.1
01/03/1995,Meat,84.1
01/04/1995,Meat,84.9
01/05/1995,Meat,83.8
01/06/1995,Meat,81
01/07/1995,Meat,87.4
01/08/1995,Meat,87.1
01/09/1995,Meat,88.4
01/10/1995,Meat,88.8
01/11/1995,Meat,87.2
01/12/1995,Meat,81.2
01/01/1996,Meat,79.8
01/02/1996,Meat,79.9
01/03/1996,Meat,82.9
01/04/1996,Meat,80.8
01/05/1996,Meat,83.1
01/06/1996,Meat,83.5
01/07/1996,Meat,86.1
01/08/1996,Meat,88.8
01/09/1996,Meat,88.7
01/10/1996,Meat,85.9
01/11/1996,Meat,84.9
01/12/1996,Meat,81
01/01/1997,Meat,78.8
01/02/1997,Meat,78.7
01/03/1997,Meat,82.4
01/04/1997,Meat,83.5
01/05/1997,Meat,83.5
01/06/1997,Meat,80
01/07/1997,Meat,79.1
01/08/1997,Meat,80.1
01/09/1997,Meat,79.7
01/10/1997,Meat,75.5
01/11/1997,Meat,75.5
01/12/1997,Meat,69.5
01/01/1998,Meat,67.3
01/02/1998,Meat,68.3
01/03/1998,Meat,67.8
01/04/1998,Meat,67.8
01/05/1998,Meat,66.2
01/06/1998,Meat,66.2
01/07/1998,Meat,66.7
01/08/1998,Meat,64.2
01/09/1998,Meat,64.6
01/10/1998,Meat,64.1
01/11/1998,Meat,62.7
01/12/1998,Meat,63.3
01/01/1999,Meat,62.1
01/02/1999,Meat,62.8
01/03/1999,Meat,62.8
01/04/1999,Meat,61.1
01/05/1999,Meat,61.7
01/06/1999,Meat,62.1
01/07/1999,Meat,62.3
01/08/1999,Meat,64
01/09/1999,Meat,62.6
01/10/1999,Meat,60
01/11/1999,Meat,60.9
01/12/1999,Meat,58.9
01/01/2000,Meat,59.9
01/02/2000,Meat,60.2
01/03/2000,Meat,61.9
01/04/2000,Meat,61.3
01/05/2000,Meat,62.4
01/06/2000,Meat,61.7
01/07/2000,Meat,61.5
01/08/2000,Meat,59.2
01/09/2000,Meat,58.4
01/10/2000,Meat,58.6
01/11/2000,Meat,59.3
01/12/2000,Meat,59.3
01/01/2001,Meat,57.3
01/02/2001,Meat,60.9
01/03/2001,Meat,63.6
01/04/2001,Meat,64.1
01/05/2001,Meat,64.5
01/06/2001,Meat,62.5
01/07/2001,Meat,62.9
01/08/2001,Meat,63
01/09/2001,Meat,62.9
01/10/2001,Meat,61.3
01/11/2001,Meat,59.5
01/12/2001,Meat,58.2
01/01/2002,Meat,58.4
01/02/2002,Meat,56.6
01/03/2002,Meat,59.1
01/04/2002,Meat,56.3
01/05/2002,Meat,55.2
01/06/2002,Meat,55.4
01/07/2002,Meat,55.1
01/08/2002,Meat,55
01/09/2002,Meat,54.4
01/10/2002,Meat,52.6
01/11/2002,Meat,52.8
01/12/2002,Meat,51.1
01/01/2003,Meat,53.1
01/02/2003,Meat,54.1
01/03/2003,Meat,54.5
01/04/2003,Meat,55.7
01/05/2003,Meat,56.3
01/06/2003,Meat,56.2
01/07/2003,Meat,60.5
01/08/2003,Meat,60.7
01/09/2003,Meat,63
01/10/2003,Meat,62.7
01/11/2003,Meat,62.2
01/12/2003,Meat,61.2
01/01/2004,Meat,65.9
01/02/2004,Meat,63.8
01/03/2004,Meat,66.3
01/04/2004,Meat,66.3
01/05/2004,Meat,65.8
01/06/2004,Meat,68.8
01/07/2004,Meat,70.7
01/08/2004,Meat,68.9
01/09/2004,Meat,69.6
01/10/2004,Meat,67.7
01/11/2004,Meat,68.3
01/12/2004,Meat,68.6
01/01/2005,Meat,68.6
01/02/2005,Meat,70
01/03/2005,Meat,70.6
01/04/2005,Meat,69.3
01/05/2005,Meat,71.8
01/06/2005,Meat,73
01/07/2005,Meat,71.9
01/08/2005,Meat,72.3
01/09/2005,Meat,73.2
01/10/2005,Meat,73.3
01/11/2005,Meat,73.5
01/12/2005,Meat,73.6
01/01/2006,Meat,70
01/02/2006,Meat,67.7
01/03/2006,Meat,66.8
01/04/2006,Meat,66.2
01/05/2006,Meat,68
01/06/2006,Meat,70.4
01/07/2006,Meat,71.8
01/08/2006,Meat,74.2
01/09/2006,Meat,74.8
01/10/2006,Meat,73.6
01/11/2006,Meat,72.1
01/12/2006,Meat,70.6
01/01/2007,Meat,69.6
01/02/2007,Meat,70.9
01/03/2007,Meat,72.9
01/04/2007,Meat,74.8
01/05/2007,Meat,76.6
01/06/2007,Meat,78
01/07/2007,Meat,79.2
01/08/2007,Meat,79.4
01/09/2007,Meat,80.5
01/10/2007,Meat,79.2
01/11/2007,Meat,80.2
01/12/2007,Meat,81
01/01/2008,Meat,81.6
01/02/2008,Meat,79.5
01/03/2008,Meat,84.7
01/04/2008,Meat,86.2
01/05/2008,Meat,91
01/06/2008,Meat,93
01/07/2008,Meat,100.1
01/08/2008,Meat,101.8
01/09/2008,Meat,100.9
01/10/2008,Meat,95
01/11/2008,Meat,87.4
01/12/2008,Meat,80.8
01/01/2009,Meat,77.3
01/02/2009,Meat,75
01/03/2009,Meat,75.4
01/04/2009,Meat,77.9
01/05/2009,Meat,80.9
01/06/2009,Meat,83.1
01/07/2009,Meat,85.2
01/08/2009,Meat,85.3
01/09/2009,Meat,84.3
01/10/2009,Meat,82.5
01/11/2009,Meat,83.7
01/12/2009,Meat,83.9
01/01/2010,Meat,85
01/02/2010,Meat,85.7
01/03/2010,Meat,86.9
01/04/2010,Meat,89.5
01/05/2010,Meat,89.8
01/06/2010,Meat,90.8
01/07/2010,Meat,91.8
01/08/2010,Meat,92.6
01/09/2010,Meat,92.5
01/10/2010,Meat,94
01/11/2010,Meat,96.1
01/12/2010,Meat,97.4
01/01/2011,Meat,97.6
01/02/2011,Meat,100.3
01/03/2011,Meat,103.5
01/04/2011,Meat,107.7
01/05/2011,Meat,108.1
01/06/2011,Meat,106.9
01/07/2011,Meat,106.5
01/08/2011,Meat,105.6
01/09/2011,Meat,106.9
01/10/2011,Meat,106.2
01/11/2011,Meat,108.3
01/12/2011,Meat,106.5
01/01/2012,Meat,103.1
01/02/2012,Meat,105.6
01/03/2012,Meat,106.5
01/04/2012,Meat,105.7
01/05/2012,Meat,103.7
01/06/2012,Meat,101.4
01/07/2012,Meat,100.4
01/08/2012,Meat,103.1
01/09/2012,Meat,107
01/10/2012,Meat,108
01/11/2012,Meat,107.7
01/12/2012,Meat,107.4
01/01/2013,Meat,106.5
01/02/2013,Meat,107.6
01/03/2013,Meat,108
01/04/2013,Meat,108.7
01/05/2013,Meat,105.5
01/06/2013,Meat,105
01/07/2013,Meat,104.5
01/08/2013,Meat,105.5
01/09/2013,Meat,106.1
01/10/2013,Meat,106.4
01/11/2013,Meat,105.6
01/12/2013,Meat,104.6
01/01/2014,Meat,103.2
01/02/2014,Meat,103.6
01/03/2014,Meat,106.2
01/04/2014,Meat,109.7
01/05/2014,Meat,112.1
01/06/2014,Meat,116.2
01/07/2014,Meat,117.8
01/08/2014,Meat,119.2
01/09/2014,Meat,117.9
01/10/2014,Meat,117.2
01/11/2014,Meat,115.1
01/12/2014,Meat,108.8
01/01/2015,Meat,103.8
01/02/2015,Meat,100.5
01/03/2015,Meat,96.8
01/04/2015,Meat,97.7
01/05/2015,Meat,99.5
01/06/2015,Meat,98.6
01/07/2015,Meat,99.1
01/08/2015,Meat,99.2
01/09/2015,Meat,97.1
01/10/2015,Meat,92.4
01/11/2015,Meat,89.1
01/12/2015,Meat,87
01/01/2016,Meat,84.2
01/02/2016,Meat,85.9
01/03/2016,Meat,86.1
01/04/2016,Meat,87.9
01/05/2016,Meat,90.2
01/06/2016,Meat,94.3
01/07/2016,Meat,95.3
01/08/2016,Meat,96.4
01/09/2016,Meat,94.9
01/10/2016,Meat,93
01/11/2016,Meat,93.4
01/12/2016,Meat,90.7
01/01/2017,Meat,91.9
01/02/2017,Meat,93.9
01/03/2017,Meat,95.7
01/04/2017,Meat,97.6
01/05/2017,Meat,99.5
01/06/2017,Meat,100.7
01/07/2017,Meat,101.2
01/08/2017,Meat,100.3
01/09/2017,Meat,99.2
01/10/2017,Meat,98.4
01/11/2017,Meat,98.4
01/12/2017,Meat,96.1
01/01/2018,Meat,95.6
01/02/2018,Meat,97
01/03/2018,Meat,97.2
01/04/2018,Meat,95.9
01/05/2018,Meat,95.3
01/06/2018,Meat,95.1
01/07/2018,Meat,94.6
01/08/2018,Meat,95.8
01/09/2018,Meat,94.1
01/10/2018,Meat,92.3
01/11/2018,Meat,92.9
01/12/2018,Meat,92.9
01/01/2019,Meat,92.3
01/02/2019,Meat,93.1
01/03/2019,Meat,94.6
01/04/2019,Meat,97.8
01/05/2019,Meat,100.5
01/06/2019,Meat,101.2
01/07/2019,Meat,102.4
01/08/2019,Meat,102.3
01/09/2019,Meat,101
01/10/2019,Meat,101.6
01/11/2019,Meat,106.5
01/12/2019,Meat,106.6
01/01/2020,Meat,103.6
01/02/2020,Meat,100.5
01/03/2020,Meat,99.4
01/04/2020,Meat,96.9
01/05/2020,Meat,95.4
01/06/2020,Meat,94.8
01/07/2020,Meat,92.2
01/08/2020,Meat,92.2
01/09/2020,Meat,91.5
01/10/2020,Meat,91.8
01/11/2020,Meat,93.3
01/12/2020,Meat,94.8
01/01/2021,Meat,96
01/02/2021,Meat,97.8
01/03/2021,Meat,100.8
01/04/2021,Meat,104.3
01/05/2021,Meat,107.4
01/06/2021,Meat,110.7
01/07/2021,Meat,114.1
01/08/2021,Meat,113.4
01/09/2021,Meat,112.7
01/10/2021,Meat,112
01/11/2021,Meat,112.5
01/12/2021,Meat,111
01/01/2022,Meat,112.1
01/02/2022,Meat,113.9
01/03/2022,Meat,119.3
01/04/2022,Meat,121.9
01/05/2022,Meat,122.9
01/06/2022,Meat,125.9
01/07/2022,Meat,124.1
01/08/2022,Meat,121.1
01/09/2022,Meat,120.3
01/10/2022,Meat,116.8
01/11/2022,Meat,115.2
01/12/2022,Meat,113.8
01/01/1990,Cereals,64.1
01/02/1990,Cereals,62.2
01/03/1990,Cereals,61.3
01/04/1990,Cereals,62.8
01/05/1990,Cereals,62
01/06/1990,Cereals,60.7
01/07/1990,Cereals,57.9
01/08/1990,Cereals,55.7
01/09/1990,Cereals,52.5
01/10/1990,Cereals,52.8
01/11/1990,Cereals,52.4
01/12/1990,Cereals,52.6
01/01/1991,Cereals,53.7
01/02/1991,Cereals,55.2
01/03/1991,Cereals,57.3
01/04/1991,Cereals,57.6
01/05/1991,Cereals,57.2
01/06/1991,Cereals,56.5
01/07/1991,Cereals,55.7
01/08/1991,Cereals,58.3
01/09/1991,Cereals,58.8
01/10/1991,Cereals,60.6
01/11/1991,Cereals,60.8
01/12/1991,Cereals,62.7
01/01/1992,Cereals,63.9
01/02/1992,Cereals,66.5
01/03/1992,Cereals,65.9
01/04/1992,Cereals,63
01/05/1992,Cereals,62
01/06/1992,Cereals,61.8
01/07/1992,Cereals,58.5
01/08/1992,Cereals,56.1
01/09/1992,Cereals,58.3
01/10/1992,Cereals,58.2
01/11/1992,Cereals,58.8
01/12/1992,Cereals,58.5
01/01/1993,Cereals,59.1
01/02/1993,Cereals,58.1
01/03/1993,Cereals,57.8
01/04/1993,Cereals,57.3
01/05/1993,Cereals,55.4
01/06/1993,Cereals,52.8
01/07/1993,Cereals,55.8
01/08/1993,Cereals,56.6
01/09/1993,Cereals,58.4
01/10/1993,Cereals,61.4
01/11/1993,Cereals,66.7
01/12/1993,Cereals,68.9
01/01/1994,Cereals,68.6
01/02/1994,Cereals,66.8
01/03/1994,Cereals,64.1
01/04/1994,Cereals,62.4
01/05/1994,Cereals,62
01/06/1994,Cereals,60.1
01/07/1994,Cereals,56
01/08/1994,Cereals,57.5
01/09/1994,Cereals,60.2
01/10/1994,Cereals,61.7
01/11/1994,Cereals,61.1
01/12/1994,Cereals,62.7
01/01/1995,Cereals,62.9
01/02/1995,Cereals,62.5
01/03/1995,Cereals,62.2
01/04/1995,Cereals,62.7
01/05/1995,Cereals,64.9
01/06/1995,Cereals,69.1
01/07/1995,Cereals,74
01/08/1995,Cereals,72.6
01/09/1995,Cereals,75.9
01/10/1995,Cereals,80.2
01/11/1995,Cereals,80.5
01/12/1995,Cereals,82.7
01/01/1996,Cereals,83.3
01/02/1996,Cereals,85.7
01/03/1996,Cereals,86.9
01/04/1996,Cereals,95.3
01/05/1996,Cereals,100
01/06/1996,Cereals,94.3
01/07/1996,Cereals,91.1
01/08/1996,Cereals,85.8
01/09/1996,Cereals,75.3
01/10/1996,Cereals,71.1
01/11/1996,Cereals,67.4
01/12/1996,Cereals,67.6
01/01/1997,Cereals,68.1
01/02/1997,Cereals,68.4
01/03/1997,Cereals,70.6
01/04/1997,Cereals,70.8
01/05/1997,Cereals,68.8
01/06/1997,Cereals,65.2
01/07/1997,Cereals,62.4
01/08/1997,Cereals,65.7
01/09/1997,Cereals,65.1
01/10/1997,Cereals,65.6
01/11/1997,Cereals,64.2
01/12/1997,Cereals,63.4
01/01/1998,Cereals,62.7
01/02/1998,Cereals,62.7
01/03/1998,Cereals,63.2
01/04/1998,Cereals,60.8
01/05/1998,Cereals,60.2
01/06/1998,Cereals,59
01/07/1998,Cereals,57.5
01/08/1998,Cereals,54.1
01/09/1998,Cereals,53.9
01/10/1998,Cereals,57.7
01/11/1998,Cereals,58.2
01/12/1998,Cereals,56.8
01/01/1999,Cereals,57.1
01/02/1999,Cereals,54.9
01/03/1999,Cereals,55.2
01/04/1999,Cereals,53.7
01/05/1999,Cereals,52.8
01/06/1999,Cereals,53.6
01/07/1999,Cereals,51.4
01/08/1999,Cereals,53
01/09/1999,Cereals,52.6
01/10/1999,Cereals,51.5
01/11/1999,Cereals,51.3
01/12/1999,Cereals,50.4
01/01/2000,Cereals,52.1
01/02/2000,Cereals,52.2
01/03/2000,Cereals,51.7
01/04/2000,Cereals,51.8
01/05/2000,Cereals,52.8
01/06/2000,Cereals,51.4
01/07/2000,Cereals,49.8
01/08/2000,Cereals,48.6
01/09/2000,Cereals,49.4
01/10/2000,Cereals,51.2
01/11/2000,Cereals,52.1
01/12/2000,Cereals,53.7
01/01/2001,Cereals,53.9
01/02/2001,Cereals,53
01/03/2001,Cereals,52.2
01/04/2001,Cereals,51
01/05/2001,Cereals,51.7
01/06/2001,Cereals,51
01/07/2001,Cereals,51.7
01/08/2001,Cereals,51.6
01/09/2001,Cereals,51.2
01/10/2001,Cereals,51
01/11/2001,Cereals,51.9
01/12/2001,Cereals,52
01/01/2002,Cereals,51.7
01/02/2002,Cereals,50.4
01/03/2002,Cereals,49.6
01/04/2002,Cereals,49.3
01/05/2002,Cereals,50.2
01/06/2002,Cereals,52
01/07/2002,Cereals,54.6
01/08/2002,Cereals,58.1
01/09/2002,Cereals,63.8
01/10/2002,Cereals,64.4
01/11/2002,Cereals,63
01/12/2002,Cereals,59.8
01/01/2003,Cereals,58
01/02/2003,Cereals,57.8
01/03/2003,Cereals,56.5
01/04/2003,Cereals,56.4
01/05/2003,Cereals,58.2
01/06/2003,Cereals,57.7
01/07/2003,Cereals,56.5
01/08/2003,Cereals,59.9
01/09/2003,Cereals,60.5
01/10/2003,Cereals,60.6
01/11/2003,Cereals,64.8
01/12/2003,Cereals,65.7
01/01/2004,Cereals,66.9
01/02/2004,Cereals,67.5
01/03/2004,Cereals,68.5
01/04/2004,Cereals,70.2
01/05/2004,Cereals,68.8
01/06/2004,Cereals,66.4
01/07/2004,Cereals,60.7
01/08/2004,Cereals,59.1
01/09/2004,Cereals,60
01/10/2004,Cereals,59.3
01/11/2004,Cereals,60
01/12/2004,Cereals,60.5
01/01/2005,Cereals,60.5
01/02/2005,Cereals,60.3
01/03/2005,Cereals,61.5
01/04/2005,Cereals,59.5
01/05/2005,Cereals,59.4
01/06/2005,Cereals,60.2
01/07/2005,Cereals,61.2
01/08/2005,Cereals,60.9
01/09/2005,Cereals,61.5
01/10/2005,Cereals,62.1
01/11/2005,Cereals,60.6
01/12/2005,Cereals,61.5
01/01/2006,Cereals,62.7
01/02/2006,Cereals,64.8
01/03/2006,Cereals,63.9
01/04/2006,Cereals,65.1
01/05/2006,Cereals,67.8
01/06/2006,Cereals,67.8
01/07/2006,Cereals,69.9
01/08/2006,Cereals,69.6
01/09/2006,Cereals,72.5
01/10/2006,Cereals,79.9
01/11/2006,Cereals,85.3
01/12/2006,Cereals,85.4
01/01/2007,Cereals,85.1
01/02/2007,Cereals,87
01/03/2007,Cereals,86.4
01/04/2007,Cereals,85.1
01/05/2007,Cereals,86.6
01/06/2007,Cereals,91.9
01/07/2007,Cereals,94.9
01/08/2007,Cereals,102.1
01/09/2007,Cereals,117.2
01/10/2007,Cereals,121.3
01/11/2007,Cereals,121
01/12/2007,Cereals,132.2
01/01/2008,Cereals,141
01/02/2008,Cereals,160.8
01/03/2008,Cereals,163.3
01/04/2008,Cereals,162.7
01/05/2008,Cereals,157.4
01/06/2008,Cereals,160.3
01/07/2008,Cereals,148.2
01/08/2008,Cereals,136.5
01/09/2008,Cereals,125.3
01/10/2008,Cereals,104.9
01/11/2008,Cereals,96
01/12/2008,Cereals,95.1
01/01/2009,Cereals,100.4
01/02/2009,Cereals,97.2
01/03/2009,Cereals,97.2
01/04/2009,Cereals,98.1
01/05/2009,Cereals,103.3
01/06/2009,Cereals,103
01/07/2009,Cereals,94.5
01/08/2009,Cereals,91.9
01/09/2009,Cereals,89.8
01/10/2009,Cereals,93.8
01/11/2009,Cereals,98
01/12/2009,Cereals,99
01/01/2010,Cereals,98.4
01/02/2010,Cereals,94
01/03/2010,Cereals,91.8
01/04/2010,Cereals,90.7
01/05/2010,Cereals,90.6
01/06/2010,Cereals,87.8
01/07/2010,Cereals,95.3
01/08/2010,Cereals,112.9
01/09/2010,Cereals,125.9
01/10/2010,Cereals,130.6
01/11/2010,Cereals,132.4
01/12/2010,Cereals,139.7
01/01/2011,Cereals,144.9
01/02/2011,Cereals,151.4
01/03/2011,Cereals,145.5
01/04/2011,Cereals,151.7
01/05/2011,Cereals,150.9
01/06/2011,Cereals,147.1
01/07/2011,Cereals,140.5
01/08/2011,Cereals,144.9
01/09/2011,Cereals,140.5
01/10/2011,Cereals,133.1
01/11/2011,Cereals,130.9
01/12/2011,Cereals,124.4
01/01/2012,Cereals,127.2
01/02/2012,Cereals,131.1
01/03/2012,Cereals,130.6
01/04/2012,Cereals,129.1
01/05/2012,Cereals,126.3
01/06/2012,Cereals,125.3
01/07/2012,Cereals,143.9
01/08/2012,Cereals,147.1
01/09/2012,Cereals,146.8
01/10/2012,Cereals,146.5
01/11/2012,Cereals,148.5
01/12/2012,Cereals,146.4
01/01/2013,Cereals,145.2
01/02/2013,Cereals,142.3
01/03/2013,Cereals,139.9
01/04/2013,Cereals,134.9
01/05/2013,Cereals,136.4
01/06/2013,Cereals,133.8
01/07/2013,Cereals,126.4
01/08/2013,Cereals,119.2
01/09/2013,Cereals,116.7
01/10/2013,Cereals,118.7
01/11/2013,Cereals,118
01/12/2013,Cereals,117.9
01/01/2014,Cereals,117
01/02/2014,Cereals,119.7
01/03/2014,Cereals,125.4
01/04/2014,Cereals,125.5
01/05/2014,Cereals,125.2
01/06/2014,Cereals,118.7
01/07/2014,Cereals,112.2
01/08/2014,Cereals,110.4
01/09/2014,Cereals,107.4
01/10/2014,Cereals,108.2
01/11/2014,Cereals,109.3
01/12/2014,Cereals,110.9
01/01/2015,Cereals,105.9
01/02/2015,Cereals,101.6
01/03/2015,Cereals,99.5
01/04/2015,Cereals,98.2
01/05/2015,Cereals,95.7
01/06/2015,Cereals,96.7
01/07/2015,Cereals,98.9
01/08/2015,Cereals,91.9
01/09/2015,Cereals,90.5
01/10/2015,Cereals,91.7
01/11/2015,Cereals,90.5
01/12/2015,Cereals,89.4
01/01/2016,Cereals,87.6
01/02/2016,Cereals,87.3
01/03/2016,Cereals,86.5
01/04/2016,Cereals,88.4
01/05/2016,Cereals,91.1
01/06/2016,Cereals,94.1
01/07/2016,Cereals,90.4
01/08/2016,Cereals,89.3
01/09/2016,Cereals,86.3
01/10/2016,Cereals,86.7
01/11/2016,Cereals,86
01/12/2016,Cereals,86.1
01/01/2017,Cereals,88.7
01/02/2017,Cereals,90
01/03/2017,Cereals,87.9
01/04/2017,Cereals,86.9
01/05/2017,Cereals,88.3
01/06/2017,Cereals,92.4
01/07/2017,Cereals,96.9
01/08/2017,Cereals,92.3
01/09/2017,Cereals,92.1
01/10/2017,Cereals,91.8
01/11/2017,Cereals,92.1
01/12/2017,Cereals,92.4
01/01/2018,Cereals,95.2
01/02/2018,Cereals,98.4
01/03/2018,Cereals,101.8
01/04/2018,Cereals,104
01/05/2018,Cereals,105.5
01/06/2018,Cereals,100.8
01/07/2018,Cereals,98.7
01/08/2018,Cereals,103.5
01/09/2018,Cereals,100.3
01/10/2018,Cereals,100.9
01/11/2018,Cereals,99.6
01/12/2018,Cereals,101.1
01/01/2019,Cereals,101.8
01/02/2019,Cereals,100.7
01/03/2019,Cereals,97.5
01/04/2019,Cereals,94.6
01/05/2019,Cereals,94.4
01/06/2019,Cereals,99.2
01/07/2019,Cereals,97.6
01/08/2019,Cereals,92.6
01/09/2019,Cereals,91.8
01/10/2019,Cereals,96
01/11/2019,Cereals,95.6
01/12/2019,Cereals,97.4
01/01/2020,Cereals,100.7
01/02/2020,Cereals,99.6
01/03/2020,Cereals,98
01/04/2020,Cereals,99.6
01/05/2020,Cereals,98
01/06/2020,Cereals,97.3
01/07/2020,Cereals,97.3
01/08/2020,Cereals,99.2
01/09/2020,Cereals,104.3
01/10/2020,Cereals,112.1
01/11/2020,Cereals,114.8
01/12/2020,Cereals,116.4
01/01/2021,Cereals,125
01/02/2021,Cereals,126.1
01/03/2021,Cereals,123.9
01/04/2021,Cereals,126.2
01/05/2021,Cereals,133.7
01/06/2021,Cereals,130.3
01/07/2021,Cereals,126.3
01/08/2021,Cereals,130.4
01/09/2021,Cereals,132.8
01/10/2021,Cereals,137.1
01/11/2021,Cereals,141.4
01/12/2021,Cereals,140.5
01/01/2022,Cereals,140.6
01/02/2022,Cereals,145.3
01/03/2022,Cereals,170.1
01/04/2022,Cereals,169.7
01/05/2022,Cereals,173.5
01/06/2022,Cereals,166.3
01/07/2022,Cereals,147.3
01/08/2022,Cereals,145.6
01/09/2022,Cereals,147.9
01/10/2022,Cereals,152.3
01/11/2022,Cereals,150.1
01/12/2022,Cereals,147.3
01/01/1990,Dairy,53.5
01/02/1990,Dairy,52.2
01/03/1990,Dairy,41.4
01/04/1990,Dairy,48.4
01/05/1990,Dairy,39.2
01/06/1990,Dairy,39.2
01/07/1990,Dairy,39.2
01/08/1990,Dairy,36.8
01/09/1990,Dairy,38.1
01/10/1990,Dairy,38.9
01/11/1990,Dairy,39.4
01/12/1990,Dairy,45.1
01/01/1991,Dairy,46.9
01/02/1991,Dairy,46.7
01/03/1991,Dairy,45.8
01/04/1991,Dairy,42.8
01/05/1991,Dairy,42.1
01/06/1991,Dairy,43.4
01/07/1991,Dairy,40.4
01/08/1991,Dairy,41.7
01/09/1991,Dairy,45.4
01/10/1991,Dairy,48.8
01/11/1991,Dairy,50.8
01/12/1991,Dairy,50.8
01/01/1992,Dairy,52.9
01/02/1992,Dairy,52.9
01/03/1992,Dairy,52.4
01/04/1992,Dairy,52.4
01/05/1992,Dairy,54.6
01/06/1992,Dairy,57.7
01/07/1992,Dairy,58.1
01/08/1992,Dairy,56.6
01/09/1992,Dairy,58.1
01/10/1992,Dairy,54.9
01/11/1992,Dairy,53.8
01/12/1992,Dairy,53.2
01/01/1993,Dairy,53.3
01/02/1993,Dairy,54
01/03/1993,Dairy,53.3
01/04/1993,Dairy,52.4
01/05/1993,Dairy,51.7
01/06/1993,Dairy,51.8
01/07/1993,Dairy,49.7
01/08/1993,Dairy,48
01/09/1993,Dairy,45.1
01/10/1993,Dairy,41
01/11/1993,Dairy,41.2
01/12/1993,Dairy,41.8
01/01/1994,Dairy,45.5
01/02/1994,Dairy,45.4
01/03/1994,Dairy,46
01/04/1994,Dairy,42.3
01/05/1994,Dairy,42.3
01/06/1994,Dairy,45.1
01/07/1994,Dairy,45.6
01/08/1994,Dairy,46.6
01/09/1994,Dairy,49.9
01/10/1994,Dairy,52
01/11/1994,Dairy,53.2
01/12/1994,Dairy,55
01/01/1995,Dairy,58.9
01/02/1995,Dairy,61.1
01/03/1995,Dairy,61.8
01/04/1995,Dairy,61.1
01/05/1995,Dairy,61.2
01/06/1995,Dairy,61.2
01/07/1995,Dairy,64.6
01/08/1995,Dairy,64.3
01/09/1995,Dairy,64.3
01/10/1995,Dairy,64.8
01/11/1995,Dairy,64.8
01/12/1995,Dairy,64.4
01/01/1996,Dairy,64.3
01/02/1996,Dairy,64.2
01/03/1996,Dairy,63
01/04/1996,Dairy,62.7
01/05/1996,Dairy,61
01/06/1996,Dairy,61.1
01/07/1996,Dairy,61.3
01/08/1996,Dairy,60.7
01/09/1996,Dairy,60.1
01/10/1996,Dairy,61
01/11/1996,Dairy,59.9
01/12/1996,Dairy,60.2
01/01/1997,Dairy,60.3
01/02/1997,Dairy,59.5
01/03/1997,Dairy,59.3
01/04/1997,Dairy,59.1
01/05/1997,Dairy,58.8
01/06/1997,Dairy,58.6
01/07/1997,Dairy,58.1
01/08/1997,Dairy,57.8
01/09/1997,Dairy,59
01/10/1997,Dairy,60.8
01/11/1997,Dairy,61
01/12/1997,Dairy,61
01/01/1998,Dairy,60.9
01/02/1998,Dairy,59.7
01/03/1998,Dairy,57.8
01/04/1998,Dairy,57.6
01/05/1998,Dairy,56.5
01/06/1998,Dairy,55.6
01/07/1998,Dairy,55.3
01/08/1998,Dairy,55.4
01/09/1998,Dairy,53.9
01/10/1998,Dairy,52.1
01/11/1998,Dairy,52.1
01/12/1998,Dairy,52.3
01/01/1999,Dairy,52.4
01/02/1999,Dairy,51.5
01/03/1999,Dairy,50.7
01/04/1999,Dairy,48
01/05/1999,Dairy,47.4
01/06/1999,Dairy,47.1
01/07/1999,Dairy,46.4
01/08/1999,Dairy,46.4
01/09/1999,Dairy,46.8
01/10/1999,Dairy,47
01/11/1999,Dairy,47.5
01/12/1999,Dairy,48.5
01/01/2000,Dairy,50.2
01/02/2000,Dairy,50.4
01/03/2000,Dairy,50.1
01/04/2000,Dairy,50.4
01/05/2000,Dairy,50.9
01/06/2000,Dairy,53.8
01/07/2000,Dairy,55.6
01/08/2000,Dairy,56
01/09/2000,Dairy,57.4
01/10/2000,Dairy,59.1
01/11/2000,Dairy,59.6
01/12/2000,Dairy,60.1
01/01/2001,Dairy,59.7
01/02/2001,Dairy,59.5
01/03/2001,Dairy,59.7
01/04/2001,Dairy,59.5
01/05/2001,Dairy,62
01/06/2001,Dairy,62.4
01/07/2001,Dairy,62.9
01/08/2001,Dairy,62.5
01/09/2001,Dairy,62.1
01/10/2001,Dairy,62.8
01/11/2001,Dairy,60.6
01/12/2001,Dairy,56.9
01/01/2002,Dairy,53
01/02/2002,Dairy,52.8
01/03/2002,Dairy,50.7
01/04/2002,Dairy,48.9
01/05/2002,Dairy,44.8
01/06/2002,Dairy,42.9
01/07/2002,Dairy,40.6
01/08/2002,Dairy,40.1
01/09/2002,Dairy,41.6
01/10/2002,Dairy,42.9
01/11/2002,Dairy,45.5
01/12/2002,Dairy,49.3
01/01/2003,Dairy,51.3
01/02/2003,Dairy,53.1
01/03/2003,Dairy,53.7
01/04/2003,Dairy,52.7
01/05/2003,Dairy,52.6
01/06/2003,Dairy,52.6
01/07/2003,Dairy,53.2
01/08/2003,Dairy,53.6
01/09/2003,Dairy,55.2
01/10/2003,Dairy,57.6
01/11/2003,Dairy,58.6
01/12/2003,Dairy,59.7
01/01/2004,Dairy,60.9
01/02/2004,Dairy,64.3
01/03/2004,Dairy,65.2
01/04/2004,Dairy,65.8
01/05/2004,Dairy,67.8
01/06/2004,Dairy,70.7
01/07/2004,Dairy,72.6
01/08/2004,Dairy,72.7
01/09/2004,Dairy,73.3
01/10/2004,Dairy,73.8
01/11/2004,Dairy,75.1
01/12/2004,Dairy,75.8
01/01/2005,Dairy,76.2
01/02/2005,Dairy,76.7
01/03/2005,Dairy,77
01/04/2005,Dairy,76.2
01/05/2005,Dairy,76.5
01/06/2005,Dairy,76.4
01/07/2005,Dairy,77.1
01/08/2005,Dairy,78.3
01/09/2005,Dairy,78.7
01/10/2005,Dairy,78.5
01/11/2005,Dairy,78
01/12/2005,Dairy,76.9
01/01/2006,Dairy,74.3
01/02/2006,Dairy,74.5
01/03/2006,Dairy,73.1
01/04/2006,Dairy,71.6
01/05/2006,Dairy,71.3
01/06/2006,Dairy,71
01/07/2006,Dairy,71.3
01/08/2006,Dairy,70.3
01/09/2006,Dairy,70.3
01/10/2006,Dairy,71.9
01/11/2006,Dairy,75.4
01/12/2006,Dairy,81.7
01/01/2007,Dairy,84.2
01/02/2007,Dairy,88.3
01/03/2007,Dairy,91.8
01/04/2007,Dairy,102
01/05/2007,Dairy,105.3
01/06/2007,Dairy,121
01/07/2007,Dairy,135
01/08/2007,Dairy,141.5
01/09/2007,Dairy,145.1
01/10/2007,Dairy,148
01/11/2007,Dairy,154
01/12/2007,Dairy,152.6
01/01/2008,Dairy,150.6
01/02/2008,Dairy,149.9
01/03/2008,Dairy,152.6
01/04/2008,Dairy,148.9
01/05/2008,Dairy,144.3
01/06/2008,Dairy,143.9
01/07/2008,Dairy,144.1
01/08/2008,Dairy,133.5
01/09/2008,Dairy,120.5
01/10/2008,Dairy,107
01/11/2008,Dairy,97.8
01/12/2008,Dairy,94.9
01/01/2009,Dairy,88.2
01/02/2009,Dairy,82.6
01/03/2009,Dairy,80.9
01/04/2009,Dairy,80.4
01/05/2009,Dairy,83.5
01/06/2009,Dairy,84.7
01/07/2009,Dairy,85.1
01/08/2009,Dairy,88
01/09/2009,Dairy,95.1
01/10/2009,Dairy,102.7
01/11/2009,Dairy,113.1
01/12/2009,Dairy,112.8
01/01/2010,Dairy,109
01/02/2010,Dairy,101.6
01/03/2010,Dairy,101.6
01/04/2010,Dairy,109.7
01/05/2010,Dairy,111.8
01/06/2010,Dairy,110.4
01/07/2010,Dairy,112.8
01/08/2010,Dairy,112.3
01/09/2010,Dairy,116
01/10/2010,Dairy,121.4
01/11/2010,Dairy,118.7
01/12/2010,Dairy,117.4
01/01/2011,Dairy,122.8
01/02/2011,Dairy,130.3
01/03/2011,Dairy,135.8
01/04/2011,Dairy,134.5
01/05/2011,Dairy,134.2
01/06/2011,Dairy,135.3
01/07/2011,Dairy,133.6
01/08/2011,Dairy,131.9
01/09/2011,Dairy,127.1
01/10/2011,Dairy,126.2
01/11/2011,Dairy,125.1
01/12/2011,Dairy,122
01/01/2012,Dairy,120.3
01/02/2012,Dairy,121.2
01/03/2012,Dairy,118.1
01/04/2012,Dairy,112.5
01/05/2012,Dairy,105.5
01/06/2012,Dairy,102.3
01/07/2012,Dairy,99.7
01/08/2012,Dairy,102
01/09/2012,Dairy,111
01/10/2012,Dairy,114.2
01/11/2012,Dairy,114.9
01/12/2012,Dairy,118.1
01/01/2013,Dairy,121
01/02/2013,Dairy,123.8
01/03/2013,Dairy,128
01/04/2013,Dairy,140.8
01/05/2013,Dairy,140
01/06/2013,Dairy,140.3
01/07/2013,Dairy,141
01/08/2013,Dairy,145.6
01/09/2013,Dairy,149
01/10/2013,Dairy,153
01/11/2013,Dairy,151.9
01/12/2013,Dairy,156.5
01/01/2014,Dairy,156.2
01/02/2014,Dairy,156.4
01/03/2014,Dairy,154.8
01/04/2014,Dairy,147.3
01/05/2014,Dairy,141.8
01/06/2014,Dairy,136.1
01/07/2014,Dairy,130.2
01/08/2014,Dairy,120.6
01/09/2014,Dairy,110.8
01/10/2014,Dairy,107.1
01/11/2014,Dairy,102.6
01/12/2014,Dairy,98.5
01/01/2015,Dairy,92.4
01/02/2015,Dairy,95.2
01/03/2015,Dairy,95.1
01/04/2015,Dairy,90.6
01/05/2015,Dairy,89.9
01/06/2015,Dairy,87.7
01/07/2015,Dairy,82.2
01/08/2015,Dairy,79.9
01/09/2015,Dairy,83.2
01/10/2015,Dairy,88
01/11/2015,Dairy,80.5
01/12/2015,Dairy,81
01/01/2016,Dairy,79.4
01/02/2016,Dairy,78.8
01/03/2016,Dairy,76.7
01/04/2016,Dairy,77.1
01/05/2016,Dairy,72.7
01/06/2016,Dairy,73.9
01/07/2016,Dairy,76
01/08/2016,Dairy,81.8
01/09/2016,Dairy,90.9
01/10/2016,Dairy,93.8
01/11/2016,Dairy,94.5
01/12/2016,Dairy,96.2
01/01/2017,Dairy,98.6
01/02/2017,Dairy,99.2
01/03/2017,Dairy,100.6
01/04/2017,Dairy,100
01/05/2017,Dairy,104.8
01/06/2017,Dairy,109.7
01/07/2017,Dairy,113.9
01/08/2017,Dairy,116.9
01/09/2017,Dairy,118.4
01/10/2017,Dairy,115.4
01/11/2017,Dairy,111.4
01/12/2017,Dairy,107.3
01/01/2018,Dairy,106
01/02/2018,Dairy,108.8
01/03/2018,Dairy,111.3
01/04/2018,Dairy,110
01/05/2018,Dairy,111.4
01/06/2018,Dairy,112.3
01/07/2018,Dairy,110.1
01/08/2018,Dairy,108.5
01/09/2018,Dairy,108.3
01/10/2018,Dairy,102.8
01/11/2018,Dairy,100
01/12/2018,Dairy,97.8
01/01/2019,Dairy,100.9
01/02/2019,Dairy,103.8
01/03/2019,Dairy,105.6
01/04/2019,Dairy,106.1
01/05/2019,Dairy,106.6
01/06/2019,Dairy,102.9
01/07/2019,Dairy,101.1
01/08/2019,Dairy,100.3
01/09/2019,Dairy,99.6
01/10/2019,Dairy,100.8
01/11/2019,Dairy,102.5
01/12/2019,Dairy,103.5
01/01/2020,Dairy,103.8
01/02/2020,Dairy,102.9
01/03/2020,Dairy,101.5
01/04/2020,Dairy,95.8
01/05/2020,Dairy,94.4
01/06/2020,Dairy,98.3
01/07/2020,Dairy,101.8
01/08/2020,Dairy,102.1
01/09/2020,Dairy,102.3
01/10/2020,Dairy,104.5
01/11/2020,Dairy,105.4
01/12/2020,Dairy,109.2
01/01/2021,Dairy,111.2
01/02/2021,Dairy,113.1
01/03/2021,Dairy,117.5
01/04/2021,Dairy,119.1
01/05/2021,Dairy,121.1
01/06/2021,Dairy,119.9
01/07/2021,Dairy,116.7
01/08/2021,Dairy,116.2
01/09/2021,Dairy,118.1
01/10/2021,Dairy,121.5
01/11/2021,Dairy,126
01/12/2021,Dairy,129
01/01/2022,Dairy,132.6
01/02/2022,Dairy,141.5
01/03/2022,Dairy,145.8
01/04/2022,Dairy,146.7
01/05/2022,Dairy,144.2
01/06/2022,Dairy,150.2
01/07/2022,Dairy,146.5
01/08/2022,Dairy,143.4
01/09/2022,Dairy,142.7
01/10/2022,Dairy,139.3
01/11/2022,Dairy,137.6
01/12/2022,Dairy,139.1
01/01/1990,Oils,44.59
01/02/1990,Oils,44.5
01/03/1990,Oils,45.75
01/04/1990,Oils,44.02
01/05/1990,Oils,45.5
01/06/1990,Oils,43.8
01/07/1990,Oils,43.72
01/08/1990,Oils,45.37
01/09/1990,Oils,44.79
01/10/1990,Oils,45.72
01/11/1990,Oils,48.3
01/12/1990,Oils,49.6
01/01/1991,Oils,49.47
01/02/1991,Oils,48.42
01/03/1991,Oils,48.75
01/04/1991,Oils,47
01/05/1991,Oils,46.56
01/06/1991,Oils,46.73
01/07/1991,Oils,48.22
01/08/1991,Oils,48.81
01/09/1991,Oils,48.58
01/10/1991,Oils,51.13
01/11/1991,Oils,51.79
01/12/1991,Oils,52.63
01/01/1992,Oils,52.84
01/02/1992,Oils,51.96
01/03/1992,Oils,54.08
01/04/1992,Oils,53.95
01/05/1992,Oils,54.02
01/06/1992,Oils,54.82
01/07/1992,Oils,51.93
01/08/1992,Oils,51.02
01/09/1992,Oils,52.2
01/10/1992,Oils,52.22
01/11/1992,Oils,53.88
01/12/1992,Oils,53
01/01/1993,Oils,53.98
01/02/1993,Oils,54.24
01/03/1993,Oils,53.05
01/04/1993,Oils,52.83
01/05/1993,Oils,51.9
01/06/1993,Oils,51.24
01/07/1993,Oils,53.28
01/08/1993,Oils,52.61
01/09/1993,Oils,52.54
01/10/1993,Oils,52.12
01/11/1993,Oils,56.22
01/12/1993,Oils,63.58
01/01/1994,Oils,63.88
01/02/1994,Oils,60.4
01/03/1994,Oils,61.31
01/04/1994,Oils,63.66
01/05/1994,Oils,67.78
01/06/1994,Oils,68.47
01/07/1994,Oils,67.15
01/08/1994,Oils,73.33
01/09/1994,Oils,80.5
01/10/1994,Oils,79
01/11/1994,Oils,88.31
01/12/1994,Oils,88.62
01/01/1995,Oils,82.66
01/02/1995,Oils,82.67
01/03/1995,Oils,84.42
01/04/1995,Oils,77.94
01/05/1995,Oils,76.79
01/06/1995,Oils,80.33
01/07/1995,Oils,83.96
01/08/1995,Oils,79.95
01/09/1995,Oils,76.28
01/10/1995,Oils,79.95
01/11/1995,Oils,78.99
01/12/1995,Oils,75.58
01/01/1996,Oils,70.75
01/02/1996,Oils,68.63
01/03/1996,Oils,68.17
01/04/1996,Oils,73.56
01/05/1996,Oils,73.37
01/06/1996,Oils,68.85
01/07/1996,Oils,66.07
01/08/1996,Oils,69.1
01/09/1996,Oils,71.47
01/10/1996,Oils,69.08
01/11/1996,Oils,70.01
01/12/1996,Oils,70.17
01/01/1997,Oils,70.76
01/02/1997,Oils,71.49
01/03/1997,Oils,70.32
01/04/1997,Oils,71.11
01/05/1997,Oils,71.65
01/06/1997,Oils,68.96
01/07/1997,Oils,65.53
01/08/1997,Oils,65.4
01/09/1997,Oils,67.96
01/10/1997,Oils,72.78
01/11/1997,Oils,76.71
01/12/1997,Oils,75.55
01/01/1998,Oils,79.26
01/02/1998,Oils,81.88
01/03/1998,Oils,84.68
01/04/1998,Oils,86.01
01/05/1998,Oils,89.97
01/06/1998,Oils,82.76
01/07/1998,Oils,83.56
01/08/1998,Oils,83.17
01/09/1998,Oils,84.56
01/10/1998,Oils,84.44
01/11/1998,Oils,84.31
01/12/1998,Oils,82.04
01/01/1999,Oils,77.31
01/02/1999,Oils,68.4
01/03/1999,Oils,62.31
01/04/1999,Oils,64.88
01/05/1999,Oils,62.26
01/06/1999,Oils,54.79
01/07/1999,Oils,48.63
01/08/1999,Oils,52.29
01/09/1999,Oils,54.07
01/10/1999,Oils,52.96
01/11/1999,Oils,51.32
01/12/1999,Oils,49.49
01/01/2000,Oils,48.58
01/02/2000,Oils,46.37
01/03/2000,Oils,47.82
01/04/2000,Oils,49.5
01/05/2000,Oils,44.49
01/06/2000,Oils,42.93
01/07/2000,Oils,42.67
01/08/2000,Oils,41.7
01/09/2000,Oils,38.47
01/10/2000,Oils,36.38
01/11/2000,Oils,37.67
01/12/2000,Oils,38.14
01/01/2001,Oils,37.27
01/02/2001,Oils,35.83
01/03/2001,Oils,38.2
01/04/2001,Oils,38.03
01/05/2001,Oils,36.57
01/06/2001,Oils,38.85
01/07/2001,Oils,47.44
01/08/2001,Oils,50.02
01/09/2001,Oils,45.4
01/10/2001,Oils,43.3
01/11/2001,Oils,48.27
01/12/2001,Oils,50.61
01/01/2002,Oils,49.26
01/02/2002,Oils,47.79
01/03/2002,Oils,47.62
01/04/2002,Oils,48.97
01/05/2002,Oils,51.64
01/06/2002,Oils,55.8
01/07/2002,Oils,56.15
01/08/2002,Oils,59.65
01/09/2002,Oils,56.68
01/10/2002,Oils,58.76
01/11/2002,Oils,63.91
01/12/2002,Oils,65.51
01/01/2003,Oils,64.32
01/02/2003,Oils,62.35
01/03/2003,Oils,59.23
01/04/2003,Oils,59.57
01/05/2003,Oils,61.09
01/06/2003,Oils,61.96
01/07/2003,Oils,58.84
01/08/2003,Oils,57.09
01/09/2003,Oils,59.33
01/10/2003,Oils,67.39
01/11/2003,Oils,68.83
01/12/2003,Oils,71.56
01/01/2004,Oils,71.22
01/02/2004,Oils,76.06
01/03/2004,Oils,76.73
01/04/2004,Oils,76.45
01/05/2004,Oils,73.52
01/06/2004,Oils,66.06
01/07/2004,Oils,64.82
01/08/2004,Oils,65.44
01/09/2004,Oils,66.27
01/10/2004,Oils,65.8
01/11/2004,Oils,66.94
01/12/2004,Oils,66.02
01/01/2005,Oils,63.15
01/02/2005,Oils,62.27
01/03/2005,Oils,66.74
01/04/2005,Oils,65.07
01/05/2005,Oils,64.23
01/06/2005,Oils,64.64
01/07/2005,Oils,64.44
01/08/2005,Oils,62.51
01/09/2005,Oils,64
01/10/2005,Oils,66.81
01/11/2005,Oils,65.44
01/12/2005,Oils,63.49
01/01/2006,Oils,63.67
01/02/2006,Oils,64.99
01/03/2006,Oils,65.16
01/04/2006,Oils,66.76
01/05/2006,Oils,68.28
01/06/2006,Oils,67.94
01/07/2006,Oils,70.45
01/08/2006,Oils,73.55
01/09/2006,Oils,71.7
01/10/2006,Oils,72.7
01/11/2006,Oils,78.35
01/12/2006,Oils,83.01
01/01/2007,Oils,82.27
01/02/2007,Oils,82.87
01/03/2007,Oils,84.42
01/04/2007,Oils,92.76
01/05/2007,Oils,100.25
01/06/2007,Oils,104.92
01/07/2007,Oils,108.58
01/08/2007,Oils,112.8
01/09/2007,Oils,118.25
01/10/2007,Oils,125.85
01/11/2007,Oils,136.25
01/12/2007,Oils,138.56
01/01/2008,Oils,154.1
01/02/2008,Oils,168.63
01/03/2008,Oils,176.6
01/04/2008,Oils,169.41
01/05/2008,Oils,172.02
01/06/2008,Oils,178.32
01/07/2008,Oils,164.8
01/08/2008,Oils,135.62
01/09/2008,Oils,120.59
01/10/2008,Oils,92.21
01/11/2008,Oils,82.03
01/12/2008,Oils,78.55
01/01/2009,Oils,82.78
01/02/2009,Oils,82.24
01/03/2009,Oils,81.49
01/04/2009,Oils,93.8
01/05/2009,Oils,106.61
01/06/2009,Oils,100.72
01/07/2009,Oils,89.9
01/08/2009,Oils,97.85
01/09/2009,Oils,93.25
01/10/2009,Oils,95.17
01/11/2009,Oils,101.76
01/12/2009,Oils,107.56
01/01/2010,Oils,107.1
01/02/2010,Oils,107.31
01/03/2010,Oils,110.33
01/04/2010,Oils,109.36
01/05/2010,Oils,107.17
01/06/2010,Oils,106.03
01/07/2010,Oils,110.13
01/08/2010,Oils,121.81
01/09/2010,Oils,124.85
01/10/2010,Oils,139.18
01/11/2010,Oils,153.87
01/12/2010,Oils,166.26
01/01/2011,Oils,174.49
01/02/2011,Oils,175.43
01/03/2011,Oils,163.11
01/04/2011,Oils,162.79
01/05/2011,Oils,162.4
01/06/2011,Oils,160.78
01/07/2011,Oils,156.05
01/08/2011,Oils,151.48
01/09/2011,Oils,147.82
01/10/2011,Oils,137.99
01/11/2011,Oils,144.96
01/12/2011,Oils,140.45
01/01/2012,Oils,144.33
01/02/2012,Oils,148.34
01/03/2012,Oils,152.47
01/04/2012,Oils,156.29
01/05/2012,Oils,144.4
01/06/2012,Oils,135.26
01/07/2012,Oils,138.56
01/08/2012,Oils,138.31
01/09/2012,Oils,136.93
01/10/2012,Oils,124.9
01/11/2012,Oils,121.52
01/12/2012,Oils,118.38
01/01/2013,Oils,124.28
01/02/2013,Oils,125.55
01/03/2013,Oils,122.38
01/04/2013,Oils,120.64
01/05/2013,Oils,121.05
01/06/2013,Oils,120.68
01/07/2013,Oils,116.22
01/08/2013,Oils,111.89
01/09/2013,Oils,112.92
01/10/2013,Oils,116.04
01/11/2013,Oils,121.97
01/12/2013,Oils,120.38
01/01/2014,Oils,115.58
01/02/2014,Oils,120.84
01/03/2014,Oils,125.38
01/04/2014,Oils,121.53
01/05/2014,Oils,119.18
01/06/2014,Oils,115.22
01/07/2014,Oils,110.63
01/08/2014,Oils,101.65
01/09/2014,Oils,98.55
01/10/2014,Oils,100.09
01/11/2014,Oils,100.85
01/12/2014,Oils,97.89
01/01/2015,Oils,95
01/02/2015,Oils,95.18
01/03/2015,Oils,92.62
01/04/2015,Oils,91.87
01/05/2015,Oils,94.49
01/06/2015,Oils,95.89
01/07/2015,Oils,90.43
01/08/2015,Oils,82.29
01/09/2015,Oils,81.96
01/10/2015,Oils,87.76
01/11/2015,Oils,85.13
01/12/2015,Oils,86.68
01/01/2016,Oils,85.29
01/02/2016,Oils,92.15
01/03/2016,Oils,97.34
01/04/2016,Oils,101.17
01/05/2016,Oils,99.56
01/06/2016,Oils,97.93
01/07/2016,Oils,94.9
01/08/2016,Oils,102.39
01/09/2016,Oils,104.32
01/10/2016,Oils,101.85
01/11/2016,Oils,106.16
01/12/2016,Oils,110.26
01/01/2017,Oils,112.19
01/02/2017,Oils,107.97
01/03/2017,Oils,101.59
01/04/2017,Oils,97.58
01/05/2017,Oils,101.96
01/06/2017,Oils,97.47
01/07/2017,Oils,96.66
01/08/2017,Oils,99.16
01/09/2017,Oils,103.83
01/10/2017,Oils,102.68
01/11/2017,Oils,103.85
01/12/2017,Oils,97.96
01/01/2018,Oils,98.25
01/02/2018,Oils,95.6
01/03/2018,Oils,95.36
01/04/2018,Oils,94.02
01/05/2018,Oils,92.15
01/06/2018,Oils,89.33
01/07/2018,Oils,86.9
01/08/2018,Oils,84.43
01/09/2018,Oils,82.33
01/10/2018,Oils,81.33
01/11/2018,Oils,76.59
01/12/2018,Oils,76.84
01/01/2019,Oils,80.26
01/02/2019,Oils,81.78
01/03/2019,Oils,78.41
01/04/2019,Oils,79.11
01/05/2019,Oils,78.5
01/06/2019,Oils,77.46
01/07/2019,Oils,78.09
01/08/2019,Oils,82.59
01/09/2019,Oils,83.89
01/10/2019,Oils,84.11
01/11/2019,Oils,93.16
01/12/2019,Oils,101.5
01/01/2020,Oils,108.73
01/02/2020,Oils,97.55
01/03/2020,Oils,85.42
01/04/2020,Oils,81.18
01/05/2020,Oils,77.77
01/06/2020,Oils,86.61
01/07/2020,Oils,93.2
01/08/2020,Oils,98.7
01/09/2020,Oils,104.6
01/10/2020,Oils,106.45
01/11/2020,Oils,121.9
01/12/2020,Oils,131.2
01/01/2021,Oils,138.87
01/02/2021,Oils,147.46
01/03/2021,Oils,159.3
01/04/2021,Oils,162.19
01/05/2021,Oils,174.9
01/06/2021,Oils,157.7
01/07/2021,Oils,155.5
01/08/2021,Oils,165.9
01/09/2021,Oils,168.6
01/10/2021,Oils,184.8
01/11/2021,Oils,184.6
01/12/2021,Oils,178.5
01/01/2022,Oils,185.9
01/02/2022,Oils,201.7
01/03/2022,Oils,251.8
01/04/2022,Oils,237.5
01/05/2022,Oils,229.2
01/06/2022,Oils,211.8
01/07/2022,Oils,168.8
01/08/2022,Oils,163.3
01/09/2022,Oils,152.6
01/10/2022,Oils,151.3
01/11/2022,Oils,154.7
01/12/2022,Oils,144.4
01/01/1990,Sugar,87.9
01/02/1990,Sugar,90.7
01/03/1990,Sugar,95.1
01/04/1990,Sugar,94.3
01/05/1990,Sugar,90.4
01/06/1990,Sugar,80.3
01/07/1990,Sugar,74.2
01/08/1990,Sugar,67.6
01/09/1990,Sugar,68.5
01/10/1990,Sugar,60.8
01/11/1990,Sugar,62.3
01/12/1990,Sugar,60.3
01/01/1991,Sugar,54.5
01/02/1991,Sugar,52.7
01/03/1991,Sugar,56.6
01/04/1991,Sugar,52.7
01/05/1991,Sugar,46.9
01/06/1991,Sugar,56.9
01/07/1991,Sugar,63.8
01/08/1991,Sugar,58.5
01/09/1991,Sugar,57.5
01/10/1991,Sugar,56.4
01/11/1991,Sugar,53.6
01/12/1991,Sugar,55.7
01/01/1992,Sugar,51.5
01/02/1992,Sugar,48.5
01/03/1992,Sugar,50.9
01/04/1992,Sugar,58.5
01/05/1992,Sugar,59.3
01/06/1992,Sugar,64.1
01/07/1992,Sugar,63.8
01/08/1992,Sugar,60.8
01/09/1992,Sugar,57.6
01/10/1992,Sugar,53.9
01/11/1992,Sugar,53
01/12/1992,Sugar,50.4
01/01/1993,Sugar,51
01/02/1993,Sugar,53
01/03/1993,Sugar,65.7
01/04/1993,Sugar,69
01/05/1993,Sugar,73.2
01/06/1993,Sugar,64.3
01/07/1993,Sugar,59.9
01/08/1993,Sugar,57.8
01/09/1993,Sugar,59
01/10/1993,Sugar,63.7
01/11/1993,Sugar,62.6
01/12/1993,Sugar,65.1
01/01/1994,Sugar,63.7
01/02/1994,Sugar,67
01/03/1994,Sugar,72.7
01/04/1994,Sugar,68.1
01/05/1994,Sugar,71.7
01/06/1994,Sugar,74.6
01/07/1994,Sugar,72.8
01/08/1994,Sugar,74.9
01/09/1994,Sugar,77.9
01/10/1994,Sugar,78.9
01/11/1994,Sugar,86.3
01/12/1994,Sugar,90.8
01/01/1995,Sugar,91.3
01/02/1995,Sugar,89.2
01/03/1995,Sugar,90.3
01/04/1995,Sugar,84.8
01/05/1995,Sugar,83.7
01/06/1995,Sugar,86.8
01/07/1995,Sugar,84.1
01/08/1995,Sugar,80.3
01/09/1995,Sugar,72.3
01/10/1995,Sugar,73.3
01/11/1995,Sugar,74.1
01/12/1995,Sugar,76.2
01/01/1996,Sugar,77.5
01/02/1996,Sugar,79.3
01/03/1996,Sugar,79.9
01/04/1996,Sugar,74.1
01/05/1996,Sugar,70.5
01/06/1996,Sugar,75.3
01/07/1996,Sugar,79.3
01/08/1996,Sugar,76.6
01/09/1996,Sugar,73.8
01/10/1996,Sugar,68.8
01/11/1996,Sugar,66.3
01/12/1996,Sugar,66.5
01/01/1997,Sugar,66.2
01/02/1997,Sugar,66.9
01/03/1997,Sugar,68.8
01/04/1997,Sugar,69.9
01/05/1997,Sugar,68.9
01/06/1997,Sugar,70.7
01/07/1997,Sugar,69.4
01/08/1997,Sugar,72.4
01/09/1997,Sugar,70.1
01/10/1997,Sugar,70.6
01/11/1997,Sugar,74.3
01/12/1997,Sugar,76.3
01/01/1998,Sugar,71.5
01/02/1998,Sugar,66.3
01/03/1998,Sugar,60.9
01/04/1998,Sugar,60
01/05/1998,Sugar,57.1
01/06/1998,Sugar,50.1
01/07/1998,Sugar,53.5
01/08/1998,Sugar,52.5
01/09/1998,Sugar,44.7
01/10/1998,Sugar,46.2
01/11/1998,Sugar,49.9
01/12/1998,Sugar,50
01/01/1999,Sugar,50.2
01/02/1999,Sugar,42.2
01/03/1999,Sugar,37.3
01/04/1999,Sugar,33.5
01/05/1999,Sugar,35.6
01/06/1999,Sugar,37.3
01/07/1999,Sugar,33.3
01/08/1999,Sugar,35.6
01/09/1999,Sugar,41.3
01/10/1999,Sugar,41.9
01/11/1999,Sugar,40.2
01/12/1999,Sugar,37.2
01/01/2000,Sugar,34.7
01/02/2000,Sugar,32.7
01/03/2000,Sugar,31.8
01/04/2000,Sugar,37.3
01/05/2000,Sugar,42.8
01/06/2000,Sugar,51.8
01/07/2000,Sugar,59.6
01/08/2000,Sugar,64.6
01/09/2000,Sugar,62.1
01/10/2000,Sugar,66.5
01/11/2000,Sugar,61.5
01/12/2000,Sugar,62
01/01/2001,Sugar,63.9
01/02/2001,Sugar,61.1
01/03/2001,Sugar,57.4
01/04/2001,Sugar,54.1
01/05/2001,Sugar,59.3
01/06/2001,Sugar,56
01/07/2001,Sugar,54.4
01/08/2001,Sugar,50.2
01/09/2001,Sugar,47.3
01/10/2001,Sugar,42
01/11/2001,Sugar,47.5
01/12/2001,Sugar,48.5
01/01/2002,Sugar,48.2
01/02/2002,Sugar,40.5
01/03/2002,Sugar,41.4
01/04/2002,Sugar,42.6
01/05/2002,Sugar,37.6
01/06/2002,Sugar,35.6
01/07/2002,Sugar,39.5
01/08/2002,Sugar,39
01/09/2002,Sugar,43.1
01/10/2002,Sugar,46.5
01/11/2002,Sugar,48.5
01/12/2002,Sugar,49.2
01/01/2003,Sugar,50.7
01/02/2003,Sugar,55.7
01/03/2003,Sugar,50.9
01/04/2003,Sugar,48
01/05/2003,Sugar,44.4
01/06/2003,Sugar,41.6
01/07/2003,Sugar,42.3
01/08/2003,Sugar,42.3
01/09/2003,Sugar,37
01/10/2003,Sugar,36.9
01/11/2003,Sugar,37.6
01/12/2003,Sugar,38.9
01/01/2004,Sugar,35.9
01/02/2004,Sugar,36.2
01/03/2004,Sugar,40
01/04/2004,Sugar,40.7
01/05/2004,Sugar,39.2
01/06/2004,Sugar,42.9
01/07/2004,Sugar,49
01/08/2004,Sugar,46.9
01/09/2004,Sugar,47.6
01/10/2004,Sugar,52.3
01/11/2004,Sugar,50.5
01/12/2004,Sugar,51
01/01/2005,Sugar,54
01/02/2005,Sugar,56.3
01/03/2005,Sugar,55
01/04/2005,Sugar,53.2
01/05/2005,Sugar,53.1
01/06/2005,Sugar,56
01/07/2005,Sugar,59.7
01/08/2005,Sugar,61.5
01/09/2005,Sugar,63.8
01/10/2005,Sugar,68.8
01/11/2005,Sugar,70.4
01/12/2005,Sugar,82.6
01/01/2006,Sugar,97.5
01/02/2006,Sugar,111.1
01/03/2006,Sugar,106.7
01/04/2006,Sugar,108.2
01/05/2006,Sugar,104.1
01/06/2006,Sugar,95.3
01/07/2006,Sugar,99.3
01/08/2006,Sugar,83.2
01/09/2006,Sugar,74.8
01/10/2006,Sugar,72
01/11/2006,Sugar,72.9
01/12/2006,Sugar,71.6
01/01/2007,Sugar,67.8
01/02/2007,Sugar,65.4
01/03/2007,Sugar,64.6
01/04/2007,Sugar,60.2
01/05/2007,Sugar,58.4
01/06/2007,Sugar,57.5
01/07/2007,Sugar,62.9
01/08/2007,Sugar,60.7
01/09/2007,Sugar,60.4
01/10/2007,Sugar,61.9
01/11/2007,Sugar,62.5
01/12/2007,Sugar,66.3
01/01/2008,Sugar,74.1
01/02/2008,Sugar,83.6
01/03/2008,Sugar,81.7
01/04/2008,Sugar,77.7
01/05/2008,Sugar,74.7
01/06/2008,Sugar,75
01/07/2008,Sugar,88.1
01/08/2008,Sugar,90.4
01/09/2008,Sugar,83.7
01/10/2008,Sugar,73.6
01/11/2008,Sugar,74.9
01/12/2008,Sugar,72.7
01/01/2009,Sugar,77.4
01/02/2009,Sugar,81.9
01/03/2009,Sugar,82.9
01/04/2009,Sugar,84.5
01/05/2009,Sugar,99.4
01/06/2009,Sugar,101.7
01/07/2009,Sugar,114
01/08/2009,Sugar,138.8
01/09/2009,Sugar,142.6
01/10/2009,Sugar,140.1
01/11/2009,Sugar,137.8
01/12/2009,Sugar,145.6
01/01/2010,Sugar,163.8
01/02/2010,Sugar,157.4
01/03/2010,Sugar,115.5
01/04/2010,Sugar,101.8
01/05/2010,Sugar,94.1
01/06/2010,Sugar,98.1
01/07/2010,Sugar,107.9
01/08/2010,Sugar,114.6
01/09/2010,Sugar,138.7
01/10/2010,Sugar,152.3
01/11/2010,Sugar,162.8
01/12/2010,Sugar,173.8
01/01/2011,Sugar,183.2
01/02/2011,Sugar,182.4
01/03/2011,Sugar,162.4
01/04/2011,Sugar,150.7
01/05/2011,Sugar,136.2
01/06/2011,Sugar,156
01/07/2011,Sugar,174.6
01/08/2011,Sugar,171.7
01/09/2011,Sugar,165.3
01/10/2011,Sugar,157.5
01/11/2011,Sugar,148.2
01/12/2011,Sugar,142.6
01/01/2012,Sugar,145.8
01/02/2012,Sugar,149.3
01/03/2012,Sugar,149.1
01/04/2012,Sugar,141.3
01/05/2012,Sugar,128.5
01/06/2012,Sugar,126.7
01/07/2012,Sugar,141.4
01/08/2012,Sugar,129.2
01/09/2012,Sugar,123.7
01/10/2012,Sugar,125.7
01/11/2012,Sugar,119.7
01/12/2012,Sugar,119.5
01/01/2013,Sugar,116.8
01/02/2013,Sugar,113
01/03/2013,Sugar,114.3
01/04/2013,Sugar,110.2
01/05/2013,Sugar,109.1
01/06/2013,Sugar,105.8
01/07/2013,Sugar,104.2
01/08/2013,Sugar,105.4
01/09/2013,Sugar,107.5
01/10/2013,Sugar,115.5
01/11/2013,Sugar,109.3
01/12/2013,Sugar,102.4
01/01/2014,Sugar,96.7
01/02/2014,Sugar,102.6
01/03/2014,Sugar,110.8
01/04/2014,Sugar,109
01/05/2014,Sugar,113.1
01/06/2014,Sugar,112.5
01/07/2014,Sugar,113
01/08/2014,Sugar,106.6
01/09/2014,Sugar,99.5
01/10/2014,Sugar,103.6
01/11/2014,Sugar,100.2
01/12/2014,Sugar,94.8
01/01/2015,Sugar,95
01/02/2015,Sugar,90.3
01/03/2015,Sugar,82
01/04/2015,Sugar,80.9
01/05/2015,Sugar,82.6
01/06/2015,Sugar,77.1
01/07/2015,Sugar,79
01/08/2015,Sugar,71.2
01/09/2015,Sugar,73.4
01/10/2015,Sugar,86.1
01/11/2015,Sugar,90
01/12/2015,Sugar,90.6
01/01/2016,Sugar,86.9
01/02/2016,Sugar,81.6
01/03/2016,Sugar,95.5
01/04/2016,Sugar,93.9
01/05/2016,Sugar,104.8
01/06/2016,Sugar,120.4
01/07/2016,Sugar,121.6
01/08/2016,Sugar,124.6
01/09/2016,Sugar,132.9
01/10/2016,Sugar,137.5
01/11/2016,Sugar,125.2
01/12/2016,Sugar,114.5
01/01/2017,Sugar,125.8
01/02/2017,Sugar,125.6
01/03/2017,Sugar,111.9
01/04/2017,Sugar,101.7
01/05/2017,Sugar,99.4
01/06/2017,Sugar,86
01/07/2017,Sugar,90.5
01/08/2017,Sugar,88.9
01/09/2017,Sugar,89
01/10/2017,Sugar,88.7
01/11/2017,Sugar,92.7
01/12/2017,Sugar,89
01/01/2018,Sugar,87.2
01/02/2018,Sugar,83.9
01/03/2018,Sugar,80.9
01/04/2018,Sugar,76.8
01/05/2018,Sugar,76.4
01/06/2018,Sugar,77.4
01/07/2018,Sugar,72.5
01/08/2018,Sugar,68.6
01/09/2018,Sugar,70.4
01/10/2018,Sugar,76.5
01/11/2018,Sugar,79.9
01/12/2018,Sugar,78.3
01/01/2019,Sugar,79.3
01/02/2019,Sugar,80.3
01/03/2019,Sugar,78.7
01/04/2019,Sugar,79.3
01/05/2019,Sugar,76.7
01/06/2019,Sugar,79.9
01/07/2019,Sugar,79.4
01/08/2019,Sugar,76.2
01/09/2019,Sugar,73.5
01/10/2019,Sugar,77.8
01/11/2019,Sugar,79.2
01/12/2019,Sugar,83
01/01/2020,Sugar,87.5
01/02/2020,Sugar,91.4
01/03/2020,Sugar,73.9
01/04/2020,Sugar,63.2
01/05/2020,Sugar,67.8
01/06/2020,Sugar,74.9
01/07/2020,Sugar,76
01/08/2020,Sugar,81.1
01/09/2020,Sugar,79
01/10/2020,Sugar,84.7
01/11/2020,Sugar,87.5
01/12/2020,Sugar,87.1
01/01/2021,Sugar,94.2
01/02/2021,Sugar,100.2
01/03/2021,Sugar,96.2
01/04/2021,Sugar,100
01/05/2021,Sugar,106.8
01/06/2021,Sugar,107.7
01/07/2021,Sugar,109.6
01/08/2021,Sugar,120.5
01/09/2021,Sugar,121.2
01/10/2021,Sugar,119.1
01/11/2021,Sugar,120.2
01/12/2021,Sugar,116.4
01/01/2022,Sugar,112.7
01/02/2022,Sugar,110.5
01/03/2022,Sugar,117.9
01/04/2022,Sugar,121.5
01/05/2022,Sugar,120.4
01/06/2022,Sugar,117.3
01/07/2022,Sugar,112.8
01/08/2022,Sugar,110.5
01/09/2022,Sugar,109.7
01/10/2022,Sugar,108.6
01/11/2022,Sugar,114.4
01/12/2022,Sugar,117.2
